관리번호,정류장명,그늘,의자,조명,도착안내기,촬영시점(YYYY.MM),조사자,비고
250001192,대형약국,,,,,,,
250001193,산림조합강원본부,,,,,,,
250001194,산림조합강원본부,,,,,,,
250001195,발산3리,,,,,,,
250001196,금광터,,,,,,,
250001197,운전면허시험장,,,,,,,
250001198,소양강댐주차장,,,,,,,
250001199,폴리텍2캠퍼스,,,,,,,
250001200,월곡리,,,,,,,
250001201,감정리,,,,,,,
250001202,중앙로입구,,,,,,,
250001203,후평3동우체국,,,,,,,
250001204,부안주유소,,,,,,,
250001205,후평중학교,,,,,,,
250001206,후평주공7단지,,,,,,,
250001207,후평주공7단지,,,,,,,
250001208,후평주공6단지,,,,,,,
250001209,후평주공6단지,,,,,,,
250001210,후평주공5단지,,,,,,,
250001211,후평동종점,,,,,,,
250001212,후평동종점,,,,,,,
250001213,후평주공4단지후문,,,,,,,
250001214,후평주공4단지후문,,,,,,,
250001215,후평주공4단지,,,,,,,
250001216,대우A,,,,,,,
250001217,후평3동행복센터,,,,,,,
250001218,후평3동행복센터,,,,,,,
250001219,후동리,,,,,,,
250001220,후동리,,,,,,,
250001221,후동리,,,,,,,
250001222,소주고개,,,,,,,
250001223,후동리,,,,,,,
250001224,후동리,,,,,,,
265000754,해안사입구,,,,,,,
265000755,해안사입구,,,,,,,
265000706,동산면행복센터,,,,,,,
250001228,후동,,,,,,,
250001229,중부지구대,,,,,,,
250001230,중부지구대,,,,,,,
250001231,발산1리,,,,,,,
250001232,황골,,,,,,,
250001233,화목원,,,,,,,
250001234,화목원,,,,,,,
250001235,화광사,,,,,,,
250001236,화광사,,,,,,,
250001237,호반체육관,,,,,,,
250001238,우석중학교,,,,,,,
250027089,호반A,,,,,,,
250001240,호반A,,,,,,,
265000677,온의롯데캐슬,,,,,,,
250001242,춘천도매물류마트,,,,,,,
250001243,혈동2리종점,,,,,,,
250001244,혈동2리마을회관,,,,,,,
250001245,혈동2리마을회관,,,,,,,
250001246,혈동2리,,,,,,,
250001247,혈동2리,,,,,,,
250001248,혈동1리종점,,,,,,,
265000676,롯데마트춘천점,,,,,,,
265000678,고은1리4반,,,,,,,
250001251,현암리,,,,,,,
250001252,현암리,,,,,,,
250001253,현암리,,,,,,,
250001254,현암리,,,,,,,
250001255,현암리,,,,,,,
250001256,현암리,,,,,,,
250001257,강원도재활병원,,,,,,,
265000756,홈플러스,,,,,,,
250001259,후평현대3차,,,,,,,
250001260,신촌2리,,,,,,,
250001261,신촌2리,,,,,,,
250001262,향교,,,,,,,
250001263,향교,,,,,,,
250001264,행촌리,,,,,,,
250001265,행촌리,,,,,,,
250001266,춘천경찰서,,,,,,,
250001267,율문2리,,,,,,,
250001268,율문2리,,,,,,,
250001269,항공대정문,,,,,,,
250001270,항공대정문,,,,,,,
250001271,할렐루야기도원,,,,,,,
250001272,할렐루야기도원,,,,,,,
250001273,장애인종합복지관,,,,,,,
250001274,장애인종합복지관,,,,,,,
250001275,한림대학교,,,,,,,
250001276,한국토지주택공사,,,,,,,
250001277,한국전력공사입구,,,,,,,
250001278,한국전력공사입구,,,,,,,
250001279,한국은행,,,,,,,
250001280,한계울마을,,,,,,,
250001281,한계울마을,,,,,,,
250001282,학곡리종점,,,,,,,
250001283,학곡리종점,,,,,,,
250001284,하일종점,,,,,,,
265000721,중앙시장입구,,,,,,,
250027098,중앙시장입구,,,,,,,
250001287,무릉공원,,,,,,,
250001288,무릉공원,,,,,,,
250001289,하사관주택,,,,,,,
250001290,하사관주택,,,,,,,
250001291,율문3리,,,,,,,
250001292,포스코더샵A,,,,,,,
250001293,포스코후문,,,,,,,
250001294,포스코후문,,,,,,,
250001295,포스코더샵A,,,,,,,
250001298,팔미쉼터,,,,,,,
250001299,팔미3리,,,,,,,
250001300,팔미3리,,,,,,,
250001301,팔미리,,,,,,,
250001302,팔미1리,,,,,,,
265000679,너부래길입구,,,,,,,
250001304,투탑시티,,,,,,,
250001305,퇴계현대1차,,,,,,,
250001306,퇴계현대1차,,,,,,,
250001307,한진한성,,,,,,,
265000680,고은길,,,,,,,
250001309,남부새마을금고,,,,,,,
250001310,퇴계한주A,,,,,,,
265000681,강원도립극단,,,,,,,
250001312,퇴계주공9차,,,,,,,
250001313,퇴계주공7단지,,,,,,,
250001314,퇴계주공6차A,,,,,,,
250001315,퇴계주공6차,,,,,,,
250001316,퇴계주공6차,,,,,,,
250001317,휴먼타운A,,,,,,,
250001318,퇴계주공4차,,,,,,,
250001319,퇴계주공4차,,,,,,,
250001320,퇴계주공3.4차,,,,,,,
250001321,퇴계주공3.4차,,,,,,,
250001322,퇴계주공2차,,,,,,,
250001323,퇴계주공1차,,,,,,,
250001324,퇴계우체국,,,,,,,
250001325,퇴계우성A,,,,,,,
250001326,퇴계동입구,,,,,,,
250001327,남부초교,,,,,,,
250001328,퇴계농공단지입구,,,,,,,
265000696,퇴계농공단지입구,,,,,,,
250001330,퇴계금호A,,,,,,,
250001331,토우시장,,,,,,,
250001332,토우시장,,,,,,,
250001333,태봉,,,,,,,
250001334,탑말,,,,,,,
250001335,탑말,,,,,,,
250001336,크로바A,,,,,,,
250001337,크로바A,,,,,,,
250001338,칠전동고개,,,,,,,
250001339,칠전동고개,,,,,,,
250001340,칠전동,,,,,,,
250001341,칠전동사거리,,,,,,,
250001342,칠전대우A,,,,,,,
250001343,칠전대우A,,,,,,,
250001344,충렬탑입구,,,,,,,
250001345,충렬탑입구,,,,,,,
250001346,강원도농업기술원,,,,,,,
250027132,강원도농업기술원,,,,,,,
250001348,춘천초등학교,,,,,,,
250001349,춘천시보건소,,,,,,,
250001350,엘타워/미소지움,,,,,,,
250001351,춘천중학교정문,,,,,,,
250001352,춘천중학교,,,,,,,
250001353,춘천중학교,,,,,,,
250001354,학곡2리,,,,,,,
250001355,학곡2리,,,,,,,
250001356,현진에버빌3차,,,,,,,
250001357,춘천역,,,,,,,
250001358,춘천시청별관,,,,,,,
250001359,춘천시청별관,,,,,,,
250001360,한샘고후문,,,,,,,
250000003,성우오스타A,,,,,,,
250000004,거두리주공A,,,,,,,
250000005,강원지방경찰청,,,,,,,
250000006,강원지방경찰청,,,,,,,
250000010,지내1리(옥광산입구),,,,,,,
250000011,창촌3리입구,,,,,,,
250000138,산수리논골,,,,,,,
250000139,산수리논골,,,,,,,
265000682,오탄리,,,,,,,
250000993,서천리입구,,,,,,,
250000994,방동2리입구(보건소),,,,,,,
250000995,월송1리,,,,,,,
250000996,월송2리,,,,,,,
250000997,신매1리,,,,,,,
250000998,삼악산,,,,,,,
250000999,과수원마을입구,,,,,,,
250001000,(구)싸이클경기장,,,,,,,
265000717,용산3리1반,,,,,,,
265000718,용산3리1반,,,,,,,
250001003,수동1리,,,,,,,
250001004,당림삼거리,,,,,,,
250001005,강촌리,,,,,,,
250001006,봉명2리,,,,,,,
265000687,신북발산,,,,,,,
250001013,동산면행복센터,,,,,,,
265000722,KT,,,,,,,
250001015,조양1리,,,,,,,
250001016,부사원고개,,,,,,,
250001017,조양3리,,,,,,,
250001018,조양4리,,,,,,,
250001019,새술막,,,,,,,
250001020,대추나무골,,,,,,,
250001021,고탄입구,,,,,,,
250001022,눈썰매장입구,,,,,,,
250001023,지암리(물레방아민박),,,,,,,
250001024,지암리(4),,,,,,,
250001025,지암리(3),,,,,,,
250001026,가족쉼터,,,,,,,
250001027,오월교입구,,,,,,,
250001028,고성2리선돌입구,,,,,,,
250001029,고성2리,,,,,,,
250001030,고성2리용화산,,,,,,,
250001031,고성2리(초설),,,,,,,
250001032,고성2리1반,,,,,,,
250001033,고탄리,,,,,,,
250001034,송암리,,,,,,,
250001035,송암리마을회관,,,,,,,
250001036,송암리(인삼밭),,,,,,,
250001037,솔바우농원,,,,,,,
250001038,송암리(밤나무),,,,,,,
250001039,인람리(1),,,,,,,
250001040,인람리(2),,,,,,,
250001041,솔바우농원,,,,,,,
250001042,송암리(밤나무),,,,,,,
250001043,인람리(1),,,,,,,
250001044,인람리(2),,,,,,,
250001045,인람리(하우스),,,,,,,
250001046,송암삼거리,,,,,,,
250001047,해피초원목장,,,,,,,
250001048,올미,,,,,,,
250001049,올미,,,,,,,
250001050,국군병원사거리,,,,,,,
265000689,지내2리마을회관,,,,,,,
265000747,지내보건진료소,,,,,,,
265000760,팔미3교,,,,,,,
265000759,팔미3교,,,,,,,
250001055,신촌리종점,,,,,,,
250001056,고은리입구,,,,,,,
265000711,사암1리,,,,,,,
250001058,천리터,,,,,,,
250001059,추곡1리1반,,,,,,,
250001060,추곡(낚시터),,,,,,,
250001061,추곡터널,,,,,,,
250001062,발산1리,,,,,,,
250001065,가정1리마을회관,,,,,,,
250001066,가정중학교,,,,,,,
250001067,후동리,,,,,,,
250001068,후동리,,,,,,,
250001069,소주고개쉼터,,,,,,,
265000704,발산2리(치안센터),,,,,,,
250001071,가정진료소,,,,,,,
250001072,발산2리(치안센터),,,,,,,
265000719,용산3리5반,,,,,,,
265000720,용산3리5반,,,,,,,
250001075,탑골,,,,,,,
250001077,정족1리입구,,,,,,,
250001078,정족1리,,,,,,,
250001079,증2리2반,,,,,,,
250001080,금병초교,,,,,,,
265000763,팔미교,,,,,,,
250001082,정족1리,,,,,,,
250027151,정족1리입구,,,,,,,
250001084,조양2리,,,,,,,
250001085,조양2리,,,,,,,
250001086,조양2리,,,,,,,
250001087,조양2리,,,,,,,
250001089,(구)상걸초,,,,,,,
250001090,(구)상걸초,,,,,,,
250001091,상걸교,,,,,,,
250001092,상걸교,,,,,,,
265000688,신북발산,,,,,,,
250001094,강촌1리삼거리,,,,,,,
250001095,창촌1리,,,,,,,
250001096,창촌1리,,,,,,,
250001097,창촌3리,,,,,,,
250001098,창촌3리,,,,,,,
250001099,후동1리,,,,,,,
250001100,후동1리,,,,,,,
250001101,박암리,,,,,,,
250001102,박암리,,,,,,,
250026614,박암리,,,,,,,
250026613,박암리,,,,,,,
250001105,가정3리,,,,,,,
250001106,가정3리,,,,,,,
250001107,강원학생교육원,,,,,,,
250001108,우러니입구,,,,,,,
250001109,광판1리,,,,,,,
250001110,광판1리,,,,,,,
250001117,정보화마을,,,,,,,
250001118,정보화마을,,,,,,,
250001119,양지마을,,,,,,,
250001120,수동1리,,,,,,,
250001121,수동1리,,,,,,,
250001122,혈동2리,,,,,,,
250001123,팔미3리,,,,,,,
250001124,팔미3리,,,,,,,
250001125,오항리,,,,,,,
250001126,천리터,,,,,,,
250001127,추곡터널,,,,,,,
250001129,백양2리,,,,,,,
250001130,백양2리,,,,,,,
250001131,백양2리,,,,,,,
250001132,백양2리,,,,,,,
250026612,백양1리,,,,,,,
250001134,당림리,,,,,,,
250001135,당림1리,,,,,,,
250001136,당림1리,,,,,,,
250001137,당림1리,,,,,,,
265000690,지내2리마을회관,,,,,,,
250001139,방동1리,,,,,,,
250001140,인형극장,,,,,,,
250001141,송암리,,,,,,,
250001142,고성2리1반,,,,,,,
250001143,해피초원목장,,,,,,,
250001144,눈썰매장입구,,,,,,,
250001145,지암리,,,,,,,
250001146,지암리,,,,,,,
250001147,지암리,,,,,,,
250001148,지암리,,,,,,,
265000691,오탄리,,,,,,,
250001150,신포리,,,,,,,
250001151,신포리,,,,,,,
265000694,매운탕골입구,,,,,,,
250001153,고탄입구,,,,,,,
250001154,용산2리,,,,,,,
250001155,용산2리,,,,,,,
250001156,용산3리마을회관,,,,,,,
250001157,용산1리,,,,,,,
250001158,용산1리,,,,,,,
250027103,지내2리응달말,,,,,,,
265000695,매운탕골입구,,,,,,,
250001161,사농현대A,,,,,,,
250001162,성신양회,,,,,,,
265000762,폴리텍입구,,,,,,,
265000692,서인병원,,,,,,,
265000693,서인병원,,,,,,,
250001166,학곡리,,,,,,,
250001167,학곡리,,,,,,,
265000697,삼천동사거리,,,,,,,
265000698,증리,,,,,,,
250001170,뜨란채A,,,,,,,
250001171,퇴계우성A,,,,,,,
250001172,로데오거리,,,,,,,
250001173,증3리,,,,,,,
250001174,증2리2반,,,,,,,
265000699,증리,,,,,,,
265000724,번개시장입구,,,,,,,
265000725,번개시장입구,,,,,,,
265000746,사암1리안길,,,,,,,
250001179,탑골,,,,,,,
250001180,군자리,,,,,,,
250001181,군자리,,,,,,,
250001182,군자3리,,,,,,,
250001183,군자3리,,,,,,,
250001184,군자3리,,,,,,,
250001185,군자3리,,,,,,,
250001186,부사원고개,,,,,,,
250001187,조양3리,,,,,,,
250001188,봉명리조양교,,,,,,,
250001189,전인고등학교,,,,,,,
265000723,삼천동사거리,,,,,,,
250001191,대형약국,,,,,,,
250001361,한샘고후문,,,,,,,
250001362,춘천한샘고등학교,,,,,,,
250001363,춘천한샘고등학교,,,,,,,
250001364,박물관후문,,,,,,,
250001365,박물관입구,,,,,,,
250001366,춘천박물관,,,,,,,
250001367,박물관앞,,,,,,,
250001368,춘천댐종점,,,,,,,
250001369,춘천댐종점,,,,,,,
250001370,춘천댐,,,,,,,
250001371,춘천농협,,,,,,,
250001372,춘천농협,,,,,,,
250001373,강원생명과학고,,,,,,,
250001374,강원생명과학고,,,,,,,
250001375,기계공고,,,,,,,
265000871,감정1리2반,,,,,,,
250001377,춘천기계공고,,,,,,,
250001378,기계공고,,,,,,,
250001380,지내고탄로,,,,,,,
250001381,지내고탄로,,,,,,,
250001382,춘천교도소입구,,,,,,,
250001383,춘천교도소입구,,,,,,,
250001384,춘천교도소,,,,,,,
250001385,교육대학교,,,,,,,
250001386,교육대학교,,,,,,,
265000750,수동1리마을회관,,,,,,,
265000749,수동1리마을회관,,,,,,,
265000751,사암4리,,,,,,,
250001391,추곡초교,,,,,,,
250001392,추곡초교,,,,,,,
250001393,추곡약수터,,,,,,,
250001394,추곡리2반,,,,,,,
250001395,추곡리2반,,,,,,,
250001396,북산치안센터,,,,,,,
250001397,북산치안센터,,,,,,,
250001398,추곡리,,,,,,,
250001399,추곡1리,,,,,,,
250001400,추곡리,,,,,,,
250027119,추곡3거리,,,,,,,
250001402,추곡1리3반,,,,,,,
250001403,추곡1리3반,,,,,,,
250001404,추곡1리1반,,,,,,,
250001405,추곡2리,,,,,,,
250001406,초원낚시터,,,,,,,
250001407,고탄낚시터,,,,,,,
250001408,청와A,,,,,,,
250001409,청실A,,,,,,,
250001410,청실A,,,,,,,
250001411,오항2리,,,,,,,
250001412,오항2리,,,,,,,
250001413,인형극장,,,,,,,
265000767,우두이지더원A,,,,,,,
250001415,청소년수련원,,,,,,,
265000766,파크에뷰A,,,,,,,
250001417,청구/동아A,,,,,,,
250001418,동아/청구A,,,,,,,
250001419,천전삼거리,,,,,,,
250001420,상천초등학교,,,,,,,
250001421,천전3리,,,,,,,
250001422,천전3리,,,,,,,
250026865,춘천국유림관리소,,,,,,,
250026864,춘천국유림관리소,,,,,,,
250001425,천전1리,,,,,,,
250001426,천전1리,,,,,,,
250001427,천일주유소,,,,,,,
250001428,강촌1리회관,,,,,,,
250001429,창촌중학교,,,,,,,
250001430,창촌2리마을회관,,,,,,,
250001431,창촌2리마을회관,,,,,,,
250001432,창촌3리종점,,,,,,,
250001433,창촌3리입구,,,,,,,
250001434,창촌3리입구,,,,,,,
250001435,방동1리,,,,,,,
250001436,방동1리,,,,,,,
250001437,방동1리,,,,,,,
250001438,방동1리,,,,,,,
250001439,방동1리,,,,,,,
250001440,방동1리,,,,,,,
250001441,방동1리,,,,,,,
250001442,방곡리,,,,,,,
250001443,방곡리,,,,,,,
250001444,방곡2리회관,,,,,,,
250001445,방곡2리회관,,,,,,,
250001709,고성2리(초설),,,,,,,
250001710,고탄리(성탄교앞),,,,,,,
250001711,안보1리,,,,,,,
250001712,안보1리,,,,,,,
265000764,바이오산업진흥원,,,,,,,
265000765,바이오산업진흥원,,,,,,,
250001716,거두리부영A,,,,,,,
250001717,성우오스타A,,,,,,,
250001718,거두1리마을회관,,,,,,,
250001719,거두1리마을회관,,,,,,,
250001720,거두2리마을회관,,,,,,,
250001721,거두2리,,,,,,,
250001722,거두2리,,,,,,,
250001723,거두2리,,,,,,,
250001724,거두2리,,,,,,,
250001725,거두1리,,,,,,,
250001726,거두1리,,,,,,,
250001727,탑동마을,,,,,,,
265000726,용산1리2반,,,,,,,
265000727,용산1리2반,,,,,,,
250001730,강촌입구,,,,,,,
250001731,강촌유원지,,,,,,,
250001732,강촌유원지,,,,,,,
265000732,금옥골체험장,,,,,,,
265000731,금옥골체험장,,,,,,,
250001735,강촌리,,,,,,,
250001736,강촌리,,,,,,,
250001737,강촌리,,,,,,,
250001738,강촌리,,,,,,,
250001739,강촌검문소,,,,,,,
250001740,강촌검문소,,,,,,,
250001741,강촌1리4반,,,,,,,
250001742,강촌1리4반,,,,,,,
250001743,폴리텍2캠퍼스,,,,,,,
250001744,거두1리,,,,,,,
250001745,거두1리,,,,,,,
250001746,강원일보,,,,,,,
250001747,강원대후문,,,,,,,
250001748,강원대후문,,,,,,,
250001749,강원대학병원,,,,,,,
250001750,강원대학병원,,,,,,,
250001751,춘천사회혁신센터,,,,,,,
250001752,병무청앞,,,,,,,
250001753,강동농협장학지점,,,,,,,
250001754,강동농협장학지점,,,,,,,
250001755,강원중학교,,,,,,,
250001756,강원고교,,,,,,,
250001757,애니고등학교,,,,,,,
250001758,애니고등학교,,,,,,,
250001759,춘천우체국,,,,,,,
250001760,감정2리마을회관,,,,,,,
250001761,감정2리3반,,,,,,,
265000715,감정2리,,,,,,,
250001763,감정2리,,,,,,,
265000730,감정1리마을회관,,,,,,,
250001767,가정중학교,,,,,,,
250001768,가정진료소,,,,,,,
250001769,가정리종점,,,,,,,
250001770,가정3리,,,,,,,
250001771,가정3리,,,,,,,
250001772,가정2리,,,,,,,
250001773,가정2리,,,,,,,
250001774,가정2리,,,,,,,
250001775,가정2리,,,,,,,
250001776,가정1리,,,,,,,
250001777,가정1리,,,,,,,
250001778,가재골,,,,,,,
265000705,가재골,,,,,,,
250001780,팔호광장,,,,,,,
250001781,팔호광장,,,,,,,
250001782,88공원,,,,,,,
250001783,(구)102보충대,,,,,,,
250001784,(구)102보충대,,,,,,,
250001785,신한은행후평동지점,,,,,,,
250001786,충인교회,,,,,,,
265000737,퇴계농공단지입구,,,,,,,
250001788,창촌3리약수터,,,,,,,
250001789,창촌3리약수터,,,,,,,
250001790,창촌3리,,,,,,,
250001791,창촌3리,,,,,,,
250001792,창촌3거리,,,,,,,
250001793,창촌3거리,,,,,,,
250001794,창촌1리,,,,,,,
250001879,기와집골,,,,,,,
250001880,장학1리,,,,,,,
250001881,장학1리,,,,,,,
250001882,춘천역육교앞,,,,,,,
250001883,호반요양병원,,,,,,,
250001884,호반요양병원,,,,,,,
250001885,인성병원,,,,,,,
250001886,소양로우체국,,,,,,,
250001887,인람종점,,,,,,,
250001888,인람리,,,,,,,
250001889,의암치안센터,,,,,,,
250001890,의암치안센터,,,,,,,
250001891,송암스포츠타운입구,,,,,,,
250001892,송암스포츠타운입구,,,,,,,
250001893,의암리본마을,,,,,,,
250001894,의암리본마을,,,,,,,
250001895,의암류인석유적지,,,,,,,
250001896,의암류인석유적지,,,,,,,
250001897,의암댐,,,,,,,
250001898,의암댐,,,,,,,
250001899,의암교차로,,,,,,,
265000702,의암,,,,,,,
250001901,의암,,,,,,,
250001902,열린공원,,,,,,,
250001903,은행나무공원,,,,,,,
250001904,강원테크노파크,,,,,,,
250001905,율문3리,,,,,,,
250001906,강원테크노파크,,,,,,,
250001907,율문1리,,,,,,,
250001908,율문1리,,,,,,,
250001909,천전2리,,,,,,,
250001910,천전2리,,,,,,,
250001911,육림랜드,,,,,,,
250001912,육림공원,,,,,,,
250001913,육림고개,,,,,,,
250001914,육림고개,,,,,,,
265000738,사암4리4반,,,,,,,
250001917,유포2리마을회관,,,,,,,
250001918,유포리회관,,,,,,,
250001919,유포3리입구,,,,,,,
250001920,유포3리입구,,,,,,,
250001921,유승한내들,,,,,,,
250001922,유승한내들,,,,,,,
265000772,솔밭공원,,,,,,,
250001924,윗샘밭종점,,,,,,,
250001925,위도입구,,,,,,,
250001926,위도입구,,,,,,,
250001927,월송3리종점,,,,,,,
250027152,월송2리입구,,,,,,,
250001929,월송2리,,,,,,,
250001930,월송1리,,,,,,,
250001931,월곡리종점,,,,,,,
250001932,월곡리,,,,,,,
250001933,월곡리,,,,,,,
265000739,사암4리4반,,,,,,,
250001935,샛강쉼터,,,,,,,
250001936,원평마을,,,,,,,
250001937,원평계곡,,,,,,,
250001938,원평계곡,,,,,,,
250001939,원창고개입구,,,,,,,
250001940,원창고개입구,,,,,,,
250001941,원창고개정상,,,,,,,
250001942,원창고개,,,,,,,
250001943,원창고개정상,,,,,,,
250001944,원창고개,,,,,,,
250001945,원창5리,,,,,,,
250001946,원창5리,,,,,,,
250001947,원창4리,,,,,,,
250001948,원창3리,,,,,,,
250001949,원창3리,,,,,,,
250001950,원창2리,,,,,,,
250001951,폴리텍대학,,,,,,,
250001952,폴리텍대학,,,,,,,
250001953,원창2리,,,,,,,
250001954,원창1리,,,,,,,
250001955,원창1리,,,,,,,
250001956,봉명리,,,,,,,
250027138,원무골,,,,,,,
250001958,웃골1리,,,,,,,
250001959,웃골1리,,,,,,,
265000757,용산1리종점,,,,,,,
250001961,강원대동문앞,,,,,,,
250001962,우석초교,,,,,,,
250001963,우석초교,,,,,,,
250001964,그랜드A,,,,,,,
250001965,용산치안센터,,,,,,,
250001966,용산3리,,,,,,,
250001967,용산3리,,,,,,,
250001968,용산2리취수장,,,,,,,
250001969,용산2리취수장,,,,,,,
250001970,한강수력본부,,,,,,,
250001971,한강수력본부,,,,,,,
250027145,용산1리종점,,,,,,,
250001973,용산1리,,,,,,,
250001974,용산1리,,,,,,,
250001975,왕터연수원,,,,,,,
250001976,왕터연수원,,,,,,,
250001978,올미종점,,,,,,,
250001979,올미입구,,,,,,,
250001980,올미입구,,,,,,,
265000744,화물공영차고지,,,,,,,
250001982,여우고개,,,,,,,
250001983,온의사거리,,,,,,,
250001984,풍물시장,,,,,,,
250001985,럭키A,,,,,,,
250001986,미소지움/방송대,,,,,,,
250001987,모아엘가A,,,,,,,
250001988,온의금호1차,,,,,,,
250001989,온의금호1차,,,,,,,
250001990,옥광산입구,,,,,,,
250001991,지내1리(옥광산입구),,,,,,,
250001992,오항리종점,,,,,,,
250001993,오탄2리종점,,,,,,,
250001994,오탄1리,,,,,,,
250001995,오탄1리,,,,,,,
250001996,오탄3리종점,,,,,,,
250001997,오탄2리,,,,,,,
250001998,오탄2리,,,,,,,
250001999,오탄1리,,,,,,,
250002000,오탄1리,,,,,,,
265000734,월곡리3반,,,,,,,
265000733,월곡리3반,,,,,,,
250002003,오월유원지,,,,,,,
250002004,오월유원지,,,,,,,
250002005,오월리종점,,,,,,,
250002006,오월리입구,,,,,,,
250002007,오월리입구,,,,,,,
250002008,오월교입구,,,,,,,
250002009,오봉마을,,,,,,,
250002010,오봉마을,,,,,,,
265000745,화물공영차고지,,,,,,,
250002012,오동초등학교,,,,,,,
250002015,여성가족연구원,,,,,,,
250002016,여성가족연구원,,,,,,,
250002017,퇴계주공6단지,,,,,,,
250002018,현진에버빌1차,,,,,,,
250002020,상상마당입구,,,,,,,
250002021,상상마당입구,,,,,,,
250002022,양통종점,,,,,,,
250002023,양우A,,,,,,,
250002024,양우A,,,,,,,
250002025,창촌3리(양단이),,,,,,,
250002026,창촌3리(양단이),,,,,,,
250002027,약사롯데캐슬,,,,,,,
250002028,남부사거리,,,,,,,
250002029,명동입구,,,,,,,
265000735,소양7교,,,,,,,
265000781,후평현대2차,,,,,,,
250002032,현암리,,,,,,,
250002033,애니메이션박물관,,,,,,,
250002034,안보2리종점,,,,,,,
265000773,강원대동문앞,,,,,,,
250002036,안보2리입구,,,,,,,
250002037,탑동마을,,,,,,,
250002038,아침못종점,,,,,,,
250002039,환경사업소,,,,,,,
250002040,혈동2리,,,,,,,
250002041,신포중학교,,,,,,,
250002042,신포리,,,,,,,
250002043,신포리,,,,,,,
250002044,신포1리,,,,,,,
250002045,신촌1리,,,,,,,
250002046,신촌3리,,,,,,,
250002047,신촌1리,,,,,,,
250002048,신촌1리,,,,,,,
250002049,신촌1리,,,,,,,
250002050,신촌1리,,,,,,,
250001795,창촌1리,,,,,,,
250001796,청구/진흥A,,,,,,,
250001797,청구/진흥A,,,,,,,
250001798,현지사,,,,,,,
250001799,현지사,,,,,,,
250001800,지촌3리,,,,,,,
250001801,지촌3리,,,,,,,
250001802,지촌2리,,,,,,,
250001803,지촌2리,,,,,,,
250001804,우미린후문,,,,,,,
250001805,한국국토정보공사,,,,,,,
250001806,지암초교,,,,,,,
250001807,지암초교,,,,,,,
250001808,지암산천마을,,,,,,,
250001809,지암산천마을,,,,,,,
250001810,지암2교,,,,,,,
250001811,지암리,,,,,,,
250001812,지암리,,,,,,,
250001813,지암리,,,,,,,
250001814,지암리,,,,,,,
250001815,지내리,,,,,,,
250001816,지내리,,,,,,,
250001817,지내3리,,,,,,,
250001818,지내3리,,,,,,,
250001819,지내2리마을회관,,,,,,,
265000742,고은1리5반,,,,,,,
250001821,지내2리,,,,,,,
250001822,지내2리,,,,,,,
250001823,지내1리종점,,,,,,,
265000712,지내1리마을회관,,,,,,,
265000713,지내1리마을회관,,,,,,,
265000748,지내보건진료소,,,,,,,
265000743,대룡119안전센터,,,,,,,
250001828,지내1리,,,,,,,
250001829,증3리,,,,,,,
250001830,증3리,,,,,,,
250001831,증3리,,,,,,,
265000740,산수2리1반,,,,,,,
250001833,증리고분군,,,,,,,
250001834,증2리경로당,,,,,,,
250001835,증2리4반,,,,,,,
250001836,증2리,,,,,,,
265000872,장학교차로,,,,,,,
250001838,증2리,,,,,,,
250001839,증2리4반,,,,,,,
250001840,증2리경로당,,,,,,,
250001841,증리고분군,,,,,,,
265000774,춘천농협엔타점,,,,,,,
250001843,중앙하이츠1차,,,,,,,
265000777,롯데캐슬더퍼스트,,,,,,,
265000778,롯데캐슬더퍼스트,,,,,,,
250001846,중앙하이츠1차,,,,,,,
250001847,중앙로입구,,,,,,,
250001848,중앙시장/중앙초교,,,,,,,
250001849,중앙시장,,,,,,,
250001850,통일플러스센터,,,,,,,
250001851,통일플러스센터,,,,,,,
265000775,춘천여고,,,,,,,
250001853,일성트루엘A,,,,,,,
250001854,KBS방송국,,,,,,,
250001855,KBS방송국,,,,,,,
250001856,조양4리,,,,,,,
250001857,조양4리,,,,,,,
250001858,조양4리,,,,,,,
250001859,신세계주유소,,,,,,,
250001860,조양3리,,,,,,,
250001861,조양1리,,,,,,,
250001862,조각공원,,,,,,,
265000776,안보2리입구,,,,,,,
250001864,정족2리입구,,,,,,,
265000741,송암5반,,,,,,,
250001866,정족2리입구,,,,,,,
250001867,정족2리,,,,,,,
250001868,정족2리,,,,,,,
250001869,정족1리입구,,,,,,,
265000768,레고랜드정문,,,,,,,
250001871,사천왕사,,,,,,,
250001872,사천왕사,,,,,,,
250001873,정부합동청사,,,,,,,
250001874,정부합동청사,,,,,,,
250001875,정법사,,,,,,,
250001876,정법사,,,,,,,
250001877,재취골,,,,,,,
250001878,기와집골,,,,,,,
250001446,방곡2리종점,,,,,,,
250001447,방곡1리,,,,,,,
250001448,방곡1리,,,,,,,
250001449,방곡1리,,,,,,,
250001450,방곡1리,,,,,,,
250001451,방곡1리,,,,,,,
250001452,방곡1리,,,,,,,
265000703,발산치안센터,,,,,,,
250001458,발산2리,,,,,,,
265000761,발산리종점,,,,,,,
250001460,발산2리,,,,,,,
250001461,발산2리,,,,,,,
250001462,발산2리,,,,,,,
250001463,발산2리,,,,,,,
250001464,발산2리,,,,,,,
250001465,발산2리,,,,,,,
250001466,발산2리,,,,,,,
250001467,발산1리,,,,,,,
250001468,발산1리,,,,,,,
250001469,발산1리,,,,,,,
250001470,발산1리,,,,,,,
250001471,발산,,,,,,,
250001472,발산,,,,,,,
250001473,광판2리,,,,,,,
250001474,반이동,,,,,,,
250001481,가정중학교,,,,,,,
250001482,가정1리회관앞,,,,,,,
250026615,박암리,,,,,,,
250001484,박암리,,,,,,,
250001485,박암리,,,,,,,
250026616,박암리,,,,,,,
250001487,밀알재활원,,,,,,,
250001488,밀알재활원,,,,,,,
250001489,동부새마을금고,,,,,,,
250001490,미려골,,,,,,,
250001491,문화주택,,,,,,,
250001492,문화예술회관,,,,,,,
250001493,문화예술회관,,,,,,,
265000769,레고랜드정문,,,,,,,
250001495,모래재,,,,,,,
250001496,명진학교,,,,,,,
250001497,덕두2리종점,,,,,,,
250001498,명동입구,,,,,,,
250001499,춘천예비군훈련장,,,,,,,
250001500,춘천예비군훈련장,,,,,,,
250001501,면허시험장입구,,,,,,,
250001502,면허시험장입구,,,,,,,
250001503,스위첸A,,,,,,,
250001504,스위첸A,,,,,,,
250001505,동광오거리,,,,,,,
250001506,동광오거리,,,,,,,
250001507,만천리종점,,,,,,,
250001508,동면만천농협,,,,,,,
250001509,동면만천농협,,,,,,,
250001510,만천3리마을회관,,,,,,,
265000709,만천3리마을회관,,,,,,,
250001512,만천초교,,,,,,,
250001513,만천로입구,,,,,,,
250001514,만천로입구,,,,,,,
250001515,만천초교,,,,,,,
250001516,양지교,,,,,,,
250001517,양지교,,,,,,,
250001518,마평,,,,,,,
250001519,삼악호수케이블카,,,,,,,
250001520,삼악호수케이블카,,,,,,,
250001521,가압펌프장,,,,,,,
250001522,가압펌프장,,,,,,,
250001523,삼성동부A,,,,,,,
250001524,롯데인벤스,,,,,,,
265000771,상중도입구,,,,,,,
250001526,거두리부영A,,,,,,,
250001527,로데오거리,,,,,,,
265000770,상중도입구,,,,,,,
250001529,등선폭포,,,,,,,
250001530,등선폭포,,,,,,,
250001532,두미르A,,,,,,,
250001533,두미르A,,,,,,,
250001534,춘천동원학교,,,,,,,
250001535,춘천동원학교,,,,,,,
250001536,동산중학교,,,,,,,
250001537,동산중학교,,,,,,,
250001538,조양2리,,,,,,,
250001539,조양2리,,,,,,,
250001540,동산A,,,,,,,
250001541,소방서,,,,,,,
250001542,동산면행복센터,,,,,,,
250001543,동산면행복센터,,,,,,,
250001544,동부시장,,,,,,,
250001545,동부시장,,,,,,,
250001546,동보A,,,,,,,
250001547,동보빌리지,,,,,,,
250001548,동보빌리지,,,,,,,
250001549,동면치안센터,,,,,,,
250001550,동면치안센터,,,,,,,
250001551,동면지내리,,,,,,,
250001552,동면지내리,,,,,,,
250001553,노루목저수지,,,,,,,
250001554,노루묵저수지,,,,,,,
250001555,동면행정복지센터,,,,,,,
250001556,동면행정복지센터,,,,,,,
250001557,동면복지회관,,,,,,,
250001558,동내초교,,,,,,,
250001559,동내초교,,,,,,,
250001560,동내면행복센터,,,,,,,
250001561,동내면행복센터,,,,,,,
250001562,동광주유소,,,,,,,
250001563,도민일보,,,,,,,
250001564,도민일보,,,,,,,
250001565,덕두원3리,,,,,,,
250001566,덕두원2리,,,,,,,
250001567,명월리,,,,,,,
250001568,명월제1교,,,,,,,
250001569,수레너미,,,,,,,
250001570,음지말,,,,,,,
250001571,명월촌,,,,,,,
250001572,양지말,,,,,,,
250001573,위로의집,,,,,,,
250001574,증마을,,,,,,,
250001575,상명월리,,,,,,,
250001576,상명월리,,,,,,,
250001577,증마을,,,,,,,
250001578,위로의집,,,,,,,
250001579,양지말,,,,,,,
250001580,명월촌,,,,,,,
250001581,음지말,,,,,,,
250001582,수레너미,,,,,,,
250001583,명월제1교,,,,,,,
250001584,명월리,,,,,,,
250001585,덕두원2리,,,,,,,
250001586,덕두원1리2반,,,,,,,
250001587,버덩마을,,,,,,,
250001588,봉덕사입구,,,,,,,
250001589,봉덕사입구,,,,,,,
250001590,버덩마을,,,,,,,
250001591,덕두원1리2반,,,,,,,
250001592,덕두원1리,,,,,,,
250001593,덕두원1리,,,,,,,
250001594,대원사,,,,,,,
250001595,대원사,,,,,,,
250001596,대룡중학교,,,,,,,
250001597,대룡산종점,,,,,,,
265000779,온의보배,,,,,,,
265000780,온의보배,,,,,,,
250001600,대룡산쉼터,,,,,,,
250001601,당림초교,,,,,,,
250001602,당림1리,,,,,,,
250026832,당림5반종점,,,,,,,
250001604,당림3반종점,,,,,,,
250001605,당림3거리,,,,,,,
250001606,당림3거리,,,,,,,
250001607,당림2리,,,,,,,
250001608,당림2리,,,,,,,
250001609,당림1리,,,,,,,
250001610,당림1리,,,,,,,
250001611,당림1리,,,,,,,
250001612,(구)농업기술원,,,,,,,
250001613,농촌공사춘천지소,,,,,,,
250001614,농촌공사춘천지소,,,,,,,
250027034,도재활병원삼거리,,,,,,,
250001616,논골입구,,,,,,,
250001617,논골입구,,,,,,,
250001618,국민연금공단,,,,,,,
250001619,국민연금공단,,,,,,,
250001620,남춘천초교,,,,,,,
250001621,남춘천중학교,,,,,,,
265000783,굴지천,,,,,,,
265000782,굴지천,,,,,,,
250001624,남산면행복센터,,,,,,,
250001625,남산면행복센터,,,,,,,
250001626,남부시장,,,,,,,
250001627,남부시장,,,,,,,
250001628,남면행정복지센터,,,,,,,
250001629,발산1리,,,,,,,
250001630,김유정문학촌,,,,,,,
250001631,김유정문학촌,,,,,,,
250001632,금산3리,,,,,,,
250001633,금산3리,,,,,,,
250001634,금산2리,,,,,,,
250001635,금산2리,,,,,,,
250001636,시청자미디어센터,,,,,,,
250001637,시청자미디어센터,,,,,,,
250001638,과수원마을입구,,,,,,,
250001639,금병초교,,,,,,,
250001640,근화초교,,,,,,,
265000701,춘천역육교앞,,,,,,,
250001642,근화사거리,,,,,,,
250001643,청와A,,,,,,,
250001644,그랜드A,,,,,,,
250001646,동산추모공원,,,,,,,
250001647,춘천숲자연휴양림,,,,,,,
250001648,춘천숲자연휴양림,,,,,,,
250001649,군자3리,,,,,,,
250001650,동산추모공원,,,,,,,
250001651,군자1리,,,,,,,
250001652,군자1리,,,,,,,
250001653,국립춘천병원,,,,,,,
250001654,국립춘천병원,,,,,,,
250001655,구곡폭포종점,,,,,,,
250001656,강촌1리마을,,,,,,,
250001657,강촌1리마을,,,,,,,
250001658,교동초교입구,,,,,,,
250001659,교동초교입구,,,,,,,
250001660,광판초교,,,,,,,
250001661,광판초교,,,,,,,
250001662,광판중학교입구,,,,,,,
250001663,광판중학교입구,,,,,,,
250001664,광판중학교,,,,,,,
250001665,광판중학교,,,,,,,
250001666,광판2리,,,,,,,
250001667,광판2리,,,,,,,
250001668,광판2리,,,,,,,
250001669,광판2리,,,,,,,
250001670,광판2리,,,,,,,
250001671,광판1리,,,,,,,
250001672,광판,,,,,,,
250001673,신포리,,,,,,,
250001674,관천리종점,,,,,,,
265000753,관천리,,,,,,,
250001676,관천리,,,,,,,
250001677,춘천청소년수련관,,,,,,,
250001678,춘천청소년수련관,,,,,,,
265000785,봉명2교,,,,,,,
265000784,봉명2교,,,,,,,
250026588,중앙하이츠2차,,,,,,,
250026587,퇴계주공2차,,,,,,,
250001683,공지천사거리,,,,,,,
250001684,공지사거리,,,,,,,
250001685,신성교회,,,,,,,
250001686,농협후석로지점,,,,,,,
250001687,곡골,,,,,,,
250001688,곡골,,,,,,,
250001689,고탄입구,,,,,,,
250001690,고탄입구,,,,,,,
250001691,(구)고탄농협,,,,,,,
250001692,고탄,,,,,,,
250001693,고탄,,,,,,,
250001694,고탄,,,,,,,
250001695,고창말,,,,,,,
250001696,고창말,,,,,,,
250001697,고은리종점,,,,,,,
265000786,송암삼거리,,,,,,,
250001699,고은리입구,,,,,,,
250001700,고은리,,,,,,,
250001701,고은리,,,,,,,
250001702,고은2리,,,,,,,
250001703,고은2리,,,,,,,
250001704,고은1리,,,,,,,
250001705,고은1리,,,,,,,
250001706,고성2리선돌입구,,,,,,,
250001707,고성2리,,,,,,,
250001708,고성2리용화산입구,,,,,,,
250002051,신연강,,,,,,,
250002052,신연강,,,,,,,
250002053,한계울마을입구,,,,,,,
250002054,한계울마을입구,,,,,,,
250002055,신북읍행복센터,,,,,,,
250002056,신북읍행복센터,,,,,,,
250002057,신매대교,,,,,,,
250002058,신매대교,,,,,,,
250002059,신매3리,,,,,,,
250002060,신매3리,,,,,,,
250002061,신매3리,,,,,,,
250002062,신매3리,,,,,,,
250002063,신매1리,,,,,,,
250002064,신매1리,,,,,,,
250002065,(구)신동초교,,,,,,,
250002066,(구)신동초교,,,,,,,
250002067,신동삼거리,,,,,,,
250002068,신동삼거리,,,,,,,
250002069,신동,,,,,,,
250002070,신동보급대,,,,,,,
250002071,신동배터,,,,,,,
250002072,신동배터,,,,,,,
250002073,김유정역,,,,,,,
250002074,김유정역,,,,,,,
250002075,삼포유원지입구,,,,,,,
250002076,M백화점,,,,,,,
250002077,시청입구,,,,,,,
250002078,시외버스터미널,,,,,,,
250002079,시외버스터미널,,,,,,,
250002080,시외버스터미널,,,,,,,
250002081,시외버스터미널,,,,,,,
250002082,시립청소년도서관,,,,,,,
250002083,공지천의암공원,,,,,,,
250002084,(구)승마장,,,,,,,
250002085,(구)승마장,,,,,,,
250002086,시립요양원입구,,,,,,,
250002087,수청골입구,,,,,,,
250002088,수청교,,,,,,,
250002089,수동리,,,,,,,
250002090,수동리,,,,,,,
250002091,수동2리,,,,,,,
250002092,수동2리,,,,,,,
250002093,수동1리종점,,,,,,,
250002094,수동1리입구,,,,,,,
250002095,수동1리입구,,,,,,,
250002096,수동1리,,,,,,,
250002097,수동1리,,,,,,,
250002098,송암삼거리,,,,,,,
250002099,송암리,,,,,,,
250002100,송암리,,,,,,,
250002101,송암리,,,,,,,
250002102,송암동,,,,,,,
250002103,송암동,,,,,,,
250002104,송암3반,,,,,,,
250002105,등선폭포주차장,,,,,,,
250002106,솔밭종점,,,,,,,
250002107,소양초교,,,,,,,
250002108,소양초교,,,,,,,
250002109,소양중학교,,,,,,,
250002110,소양중학교,,,,,,,
250002111,소양정수장,,,,,,,
250002112,소양정수장,,,,,,,
250002113,소양로2가,,,,,,,
265000789,남산하나로마트,,,,,,,
250002115,소양로1가,,,,,,,
250002116,소양강댐주차장,,,,,,,
250002117,소양강댐정상,,,,,,,
265000803,소양강댐사택,,,,,,,
250002119,소양강댐사택,,,,,,,
250002120,소양2교,,,,,,,
250002121,사우사거리,,,,,,,
250002122,초록지붕8차,,,,,,,
250002123,초록지붕6차,,,,,,,
250002124,세경3차,,,,,,,
250002125,세경3차,,,,,,,
250002126,성원초등학교,,,,,,,
250002127,한림대학교,,,,,,,
250002128,성림초등학교,,,,,,,
250002129,현진에버빌2차,,,,,,,
250002130,설미종점,,,,,,,
250002131,봄내초교,,,,,,,
250002132,봄내초등학교,,,,,,,
250002133,퇴계현대3차,,,,,,,
250002134,남부지구대,,,,,,,
250002135,남부지구대,,,,,,,
250002136,석사A,,,,,,,
250002137,석사A,,,,,,,
250002138,석사삼익A,,,,,,,
250002139,초록지붕A,,,,,,,
250002140,석사사거리,,,,,,,
250002141,석사부영A,,,,,,,
250002142,석사동행복센터,,,,,,,
250002143,석사동행복센터,,,,,,,
250002144,석사대우A,,,,,,,
250002145,석사극동A,,,,,,,
250002146,석사극동A,,,,,,,
250002147,석사교회,,,,,,,
250002148,석사4거리,,,,,,,
250002149,석사2지구A,,,,,,,
250002150,석사2지구A,,,,,,,
250002151,석갓,,,,,,,
250002152,석갓,,,,,,,
250002153,서춘천농협,,,,,,,
250002154,서춘천농협,,,,,,,
250002155,서천리,,,,,,,
265000802,춘천원예농협,,,,,,,
250002157,서천1리,,,,,,,
250002158,서천1리,,,,,,,
250002159,서상초교,,,,,,,
250002160,서상초교,,,,,,,
250002161,서상2리종점,,,,,,,
250002162,서상1리종점,,,,,,,
250002163,서상1리종점,,,,,,,
250002164,서부시장,,,,,,,
250002165,서면치안센터,,,,,,,
250002166,서면치안센터,,,,,,,
250002167,서면행정복지센터,,,,,,,
250002168,서면행정복지센터,,,,,,,
250002169,샬롬(산후조리원),,,,,,,
250002170,새술막,,,,,,,
250002171,새술막,,,,,,,
250002172,새말교,,,,,,,
265000796,모아엘가비스타,,,,,,,
250002174,새마을고개,,,,,,,
250002175,새마을고개,,,,,,,
250002176,증4리종점,,,,,,,
250002177,상천초등학교,,,,,,,
250002178,상원사,,,,,,,
250002179,상원사,,,,,,,
250002180,상걸리종점,,,,,,,
250002181,상걸리보건진료소,,,,,,,
250002182,상걸리보건진료소,,,,,,,
250002183,상걸1리,,,,,,,
250002184,상걸1리,,,,,,,
265000788,장본교,,,,,,,
265000787,장본교,,,,,,,
250002187,삼포유원지,,,,,,,
250002188,삼포유원지,,,,,,,
250002189,삼천동사거리,,,,,,,
250002190,삼천동사거리,,,,,,,
250002191,여우고개삼거리,,,,,,,
250002192,여우고개삼거리,,,,,,,
250002193,의암댐,,,,,,,
250002194,의암댐,,,,,,,
250026717,발산3리종점,,,,,,,
250002196,산천1리,,,,,,,
250002197,산천1리,,,,,,,
250002198,산천1리,,,,,,,
250002199,산천1리,,,,,,,
250002200,산수빌A,,,,,,,
250002201,산수빌A,,,,,,,
250002202,산수리,,,,,,,
250002203,(구)싸이클경기장,,,,,,,
250002204,사암리,,,,,,,
250002205,사암4리종점,,,,,,,
250002206,사암4리종점,,,,,,,
265000800,고란터,,,,,,,
250002208,사암3리,,,,,,,
250002209,사암3리,,,,,,,
250002210,사암1리,,,,,,,
265000801,고란터,,,,,,,
250002212,사암1리,,,,,,,
250002213,사북우체국,,,,,,,
250002214,사북우체국,,,,,,,
250002215,사북면행복센터,,,,,,,
250002216,사북면행복센터,,,,,,,
250002217,사대부고,,,,,,,
250002218,우두로입구,,,,,,,
250002219,우두로입구,,,,,,,
250002220,사농현대A,,,,,,,
250002221,보타사입구,,,,,,,
250002222,보타사입구,,,,,,,
250002223,북산면행복센터,,,,,,,
250002224,북산면행복센터,,,,,,,
250002225,교대부설초교,,,,,,,
250002226,봉의초교,,,,,,,
250002227,봉의중학교,,,,,,,
250002228,봉의중학교,,,,,,,
250002229,봉의A,,,,,,,
250002230,봉의A,,,,,,,
250002231,봉명리종점,,,,,,,
250002232,봉명2리,,,,,,,
250002233,봉명1리,,,,,,,
250002234,봉명1리1반,,,,,,,
250002235,보안사거리,,,,,,,
250002236,보안사거리,,,,,,,
250002237,푸른언덕공원,,,,,,,
250002238,푸른언덕공원,,,,,,,
250002239,춘천지방법원,,,,,,,
250002240,법원,,,,,,,
250002241,법원,,,,,,,
250002242,번개시장,,,,,,,
250002243,백양리종점,,,,,,,
265000794,국립춘천숲체원,,,,,,,
265000795,국립춘천숲체원,,,,,,,
250002246,백양리,,,,,,,
250002247,백양리,,,,,,,
250002248,백양1리,,,,,,,
250002249,백양1리,,,,,,,
265000793,상공회의소,,,,,,,
265000792,상공회의소,,,,,,,
250002252,배나무골,,,,,,,
250002253,배나무골,,,,,,,
250002255,방죽기,,,,,,,
250002256,방죽기,,,,,,,
250002257,송암스포츠타운,,,,,,,
250002258,방동리종점,,,,,,,
250002259,방동2리,,,,,,,
250002260,방동2리,,,,,,,
250002261,방동2리,,,,,,,
250002262,방동2리,,,,,,,
250002263,방동2리,,,,,,,
250002264,방동2리,,,,,,,
250002265,장절공,,,,,,,
250002266,방동1리,,,,,,,
250026527,성심경로당,,,,,,,
250026528,파크푸르지오A,,,,,,,
250026511,파크푸르지오A,,,,,,,
265000790,지내2리,,,,,,,
265000791,지내2리,,,,,,,
250026512,럭키아파트후문,,,,,,,
250026513,럭키아파트후문,,,,,,,
250026516,송암스포츠타운,,,,,,,
250026517,성심경로당,,,,,,,
265000797,모아엘가비스타,,,,,,,
250026519,원창2리,,,,,,,
265000798,모아엘가그랑데,,,,,,,
265000799,모아엘가그랑데,,,,,,,
250026522,가산교,,,,,,,
250026523,지내3리,,,,,,,
250026524,가산교,,,,,,,
250026525,지내3리,,,,,,,
250026526,상걸리종점,,,,,,,
250026510,국군병원사거리,,,,,,,
250000040,한덕리,,,,,,,
250000041,한덕리입구,,,,,,,
250000042,한덕리입구,,,,,,,
250026530,조양3리종점,,,,,,,
250026531,유앤아이A,,,,,,,
250026532,유앤아이A,,,,,,,
250026533,동신장로교회,,,,,,,
250026534,구름다리주유소,,,,,,,
250026535,강원사대부고,,,,,,,
250026536,강원사대부고,,,,,,,
250026537,케이티앤지,,,,,,,
265000808,방곡2리입구,,,,,,,
250026539,농산물도매시장,,,,,,,
250026540,농산물도매시장,,,,,,,
250026541,우두사거리,,,,,,,
250026542,우두사거리,,,,,,,
250026543,홈플러스,,,,,,,
250026544,여우고개사거리,,,,,,,
265000809,방곡2리입구,,,,,,,
250026546,여우고개사거리,,,,,,,
265000804,강원대국제생활관,,,,,,,
250026547,금대울,,,,,,,
250026548,호반베르디움,,,,,,,
250026549,남춘천역,,,,,,,
250026550,소양강처녀상,,,,,,,
250026551,소양강처녀상,,,,,,,
250026552,춘천역,,,,,,,
250026553,효자교,,,,,,,
250026554,퇴계일성A,,,,,,,
250026555,퇴계일성A,,,,,,,
250026556,효자교,,,,,,,
250026557,당간지주입구,,,,,,,
250026558,당간지주입구,,,,,,,
250026559,남춘천역,,,,,,,
250026560,백양리역,,,,,,,
250026561,백양리역,,,,,,,
250026562,굴봉산역,,,,,,,
250026563,굴봉산역,,,,,,,
250026564,성신양회,,,,,,,
265000812,충의대교,,,,,,,
265000811,충의대교,,,,,,,
250026567,강촌역,,,,,,,
250026568,강촌역,,,,,,,
250026569,강촌역입구,,,,,,,
250026570,강촌역입구,,,,,,,
265000805,장학LH정문,,,,,,,
250026572,막국수체험관,,,,,,,
250026573,옥광산,,,,,,,
250026574,남춘천역2번출구,,,,,,,
250026575,광판농협입구,,,,,,,
250026576,광판농협입구,,,,,,,
250026577,원창3리,,,,,,,
250026578,원창3리,,,,,,,
250026579,갈골교,,,,,,,
250026580,갈골교,,,,,,,
250026581,남춘천역2번출구,,,,,,,
250026582,케이티앤지,,,,,,,
250026583,휴먼시아2차,,,,,,,
250026584,휴먼시아1차,,,,,,,
265000816,우석로입구,,,,,,,
265000815,우석로입구,,,,,,,
265000806,퇴계동행복센터,,,,,,,
265000807,퇴계동행복센터,,,,,,,
250026596,간척사거리,,,,,,,
250026593,느랏재터널입구,,,,,,,
250026594,느랏재터널입구,,,,,,,
250026595,소양강댐정상,,,,,,,
250026597,청평사종점,,,,,,,
250026598,기도원입구,,,,,,,
250026599,석사교사거리,,,,,,,
250026600,전원주택입구,,,,,,,
250026601,전원주택입구,,,,,,,
250026602,동광길입구,,,,,,,
250026603,수협,,,,,,,
250026604,월송2리입구,,,,,,,
250026605,월송2리입구,,,,,,,
250026606,장절공입구,,,,,,,
250026607,장절공입구,,,,,,,
250026608,호수요양병원,,,,,,,
250026609,율문3리입구,,,,,,,
250026610,고탄농협,,,,,,,
250026611,고탄농협,,,,,,,
250026617,공단입구,,,,,,,
250026618,공단입구,,,,,,,
250026619,오탄2리입구,,,,,,,
250026620,오탄3리입구,,,,,,,
250026621,삼포,,,,,,,
250026622,방앗간앞,,,,,,,
250026623,침례교회앞,,,,,,,
250026624,원정사입구,,,,,,,
250026625,유포리,,,,,,,
250027017,국유림관리소앞,,,,,,,
250026627,상걸2리,,,,,,,
250026628,상걸2리,,,,,,,
250026629,한화제약입구,,,,,,,
250026630,한화제약입구,,,,,,,
250026631,박암리,,,,,,,
250026632,부강연립앞,,,,,,,
250026633,당림1리3반,,,,,,,
250026634,당림1리5반,,,,,,,
250026635,풀무원입구,,,,,,,
250026636,당림리,,,,,,,
265000810,봄봄유치원,,,,,,,
250026638,당림1리5반,,,,,,,
250026639,덕두원주말농장,,,,,,,
250026640,덕두원주말농장,,,,,,,
265000828,송곡대학교,,,,,,,
250026642,강원도시가스,,,,,,,
250026643,강원도시가스,,,,,,,
250026644,소양1교,,,,,,,
250026645,소양1교,,,,,,,
250026646,평화공원,,,,,,,
250026647,평화공원,,,,,,,
265000818,신동로,,,,,,,
250026649,부강연립,,,,,,,
265000817,신동로,,,,,,,
265000819,율문교,,,,,,,
265000820,율문교,,,,,,,
265000821,삼한교,,,,,,,
265000822,삼한교,,,,,,,
250026655,천전삼거리,,,,,,,
250026656,상천초교입구,,,,,,,
250026657,상천초교입구,,,,,,,
250026658,롯데마트석사점,,,,,,,
250026659,롯데마트석사점,,,,,,,
250026660,스무숲입구,,,,,,,
250026661,춘천고용복지센터,,,,,,,
250026662,강원체고앞,,,,,,,
250026663,강원체고앞,,,,,,,
250026664,춘천공원묘지,,,,,,,
265000826,양정2교,,,,,,,
265000827,양정2교,,,,,,,
250026667,갈골,,,,,,,
250026668,솔바우마을,,,,,,,
250026669,서부지구대,,,,,,,
250026670,창촌2리입구,,,,,,,
250026671,창촌2리입구,,,,,,,
250026672,창촌농공단지,,,,,,,
250026673,삼포유원지,,,,,,,
250026674,삼포유원지,,,,,,,
250026675,혈동1리,,,,,,,
250026676,덕만리혈동1리입구,,,,,,,
250026677,보매기,,,,,,,
265000813,오항리입구,,,,,,,
265000814,오항리입구,,,,,,,
250026680,월송1리,,,,,,,
250026681,월송1리,,,,,,,
265000824,늘란골,,,,,,,
265000825,늘란골,,,,,,,
265000868,학곡지구입구,,,,,,,
265000830,학곡지구입구,,,,,,,
250026686,신촌1리,,,,,,,
250026687,신촌1리,,,,,,,
250026688,행촌리종점,,,,,,,
250026689,홈플러스,,,,,,,
250026690,만천주공A,,,,,,,
250026691,만천주공A,,,,,,,
250026692,새고개,,,,,,,
250026693,서천분교,,,,,,,
250026694,서천분교,,,,,,,
250026695,발산1리1반,,,,,,,
250026696,발산1리1반,,,,,,,
250026697,당림초교,,,,,,,
250026698,거두1리1반,,,,,,,
250026699,지내리,,,,,,,
265000823,더존비즈온,,,,,,,
250026701,만천3리,,,,,,,
250026702,올미,,,,,,,
250026703,올미,,,,,,,
250026704,당림리,,,,,,,
250026705,방동리입구,,,,,,,
250026706,서상마을회관,,,,,,,
250026707,서상2리,,,,,,,
250026708,서상2리,,,,,,,
250026709,서상2리,,,,,,,
250026710,우러니입구,,,,,,,
265000829,대추나무골,,,,,,,
265000833,상일사거리,,,,,,,
265000832,상일사거리,,,,,,,
265000834,참전유공자기념탑,,,,,,,
250026715,창촌3리2반,,,,,,,
250026716,관천리종점,,,,,,,
250002195,발산3리종점,,,,,,,
250026718,오항리종점,,,,,,,
250026719,청평사종점,,,,,,,
250026720,양통종점,,,,,,,
250026721,오탄2리종점,,,,,,,
250026722,수동1리종점,,,,,,,
250026723,창촌3리종점,,,,,,,
250026724,혈동1리종점,,,,,,,
250026725,증4리종점,,,,,,,
250026726,혈동2리종점,,,,,,,
250026727,서상2리종점,,,,,,,
250026728,방동리종점,,,,,,,
250026729,백양리종점,,,,,,,
265000835,건강생활지원센터,,,,,,,
250026731,가정리종점,,,,,,,
265000836,반다비체육센터,,,,,,,
250026733,거두2리마을회관,,,,,,,
250026734,용산3리마을회관,,,,,,,
250026735,지내2리마을회관,,,,,,,
250026736,올미종점,,,,,,,
250026737,지암2교,,,,,,,
250026738,재취골,,,,,,,
250026739,조양3리종점,,,,,,,
265000837,사암1리마을회관,,,,,,,
250026741,구곡폭포종점,,,,,,,
250026742,안보2리종점,,,,,,,
265000838,사암1리마을회관,,,,,,,
250026744,덕두2리종점,,,,,,,
250026745,창촌농공단지,,,,,,,
250026746,방곡2리종점,,,,,,,
250026747,설미종점,,,,,,,
250026748,월곡리종점,,,,,,,
250026749,월송3리종점,,,,,,,
265000707,애니메이션박물관,,,,,,,
250026751,오월리종점,,,,,,,
265000839,거두신촌언덕길,,,,,,,
265000840,거두신촌언덕길,,,,,,,
250026754,가재미마을,,,,,,,
250026755,월송1리,,,,,,,
250026756,월송1리,,,,,,,
250026757,월송2리입구,,,,,,,
250026758,삽다리고개,,,,,,,
250026759,소양호권역홍보관,,,,,,,
250026760,창촌3리삼거리,,,,,,,
250026761,전력산업단지,,,,,,,
250026762,백치고개정상,,,,,,,
250026763,광판삼거리,,,,,,,
250026764,호수요양병원,,,,,,,
250026765,거두리종점,,,,,,,
265000841,금광터,,,,,,,
250026767,한신휴플러스,,,,,,,
250026768,e편한세상,,,,,,,
250026769,사암2리마을회관,,,,,,,
265000710,사암2리,,,,,,,
250026771,거두1리1반,,,,,,,
250026772,사암4리,,,,,,,
250026773,사암리,,,,,,,
265000843,오양골길,,,,,,,
265000844,오양골길,,,,,,,
250026776,학곡리,,,,,,,
250026777,새고개교,,,,,,,
250026778,장학교차로,,,,,,,
250026779,장학해온채A,,,,,,,
265000700,장학해온채A,,,,,,,
250026781,꿈자람어린이공원,,,,,,,
250026782,꿈자람어린이공원,,,,,,,
265000845,옛백양리역,,,,,,,
265000846,옛백양리역,,,,,,,
250026785,오월2리,,,,,,,
250026786,오월2리,,,,,,,
250026787,오월2리,,,,,,,
250026788,강원숲체험장입구,,,,,,,
250026789,오월2리,,,,,,,
250026790,오월리납실교,,,,,,,
250026791,새고개교,,,,,,,
250026792,장학1리마을회관,,,,,,,
250026793,장학1리마을회관,,,,,,,
265000708,하일종점,,,,,,,
250026795,하일,,,,,,,
250026796,장학농장,,,,,,,
250026797,장학17리,,,,,,,
250026798,장학17리회관,,,,,,,
250026799,장학17리회관,,,,,,,
250026800,장학17리,,,,,,,
250026801,장학농장,,,,,,,
250026802,하일,,,,,,,
250026803,팔미1리,,,,,,,
250026804,의암리입구,,,,,,,
250026805,의암리입구,,,,,,,
250026806,강원효장례문화원,,,,,,,
250026807,퇴계농공로,,,,,,,
250026808,퇴계공단길,,,,,,,
250026809,도재활병원삼거리,,,,,,,
250026810,강원도재활병원,,,,,,,
250026811,우두사거리,,,,,,,
250026812,거두농공단지,,,,,,,
250026813,거두농공단지종점,,,,,,,
250026814,거두농공단지종점,,,,,,,
250026815,거두농공단지,,,,,,,
250026816,강원도재활병원,,,,,,,
250026817,간동2교,,,,,,,
250026818,간동2교,,,,,,,
250026819,추곡약수터입구,,,,,,,
250026820,군자리,,,,,,,
250026821,팔미1리,,,,,,,
250026822,산촌생태마을,,,,,,,
250026823,지내1리종점,,,,,,,
265000657,지내2리성문산,,,,,,,
265000658,지내2리샘골,,,,,,,
265000659,지내1리,,,,,,,
265000660,지내1리,,,,,,,
250026828,소망마을,,,,,,,
250026829,해강A,,,,,,,
250026830,장학부영A,,,,,,,
250026831,장학LH1단지,,,,,,,
265000847,평촌리,,,,,,,
265000848,평촌리,,,,,,,
250026834,칠전대우A,,,,,,,
265000849,쉬어골,,,,,,,
265000850,쉬어골,,,,,,,
250026837,원창교,,,,,,,
250026838,창촌3리,,,,,,,
250026839,신동교,,,,,,,
250026840,보매기,,,,,,,
265000864,추곡약수터입구,,,,,,,
250026842,증4리,,,,,,,
250026843,송암리,,,,,,,
250026844,오월교,,,,,,,
250026845,간척리,,,,,,,
250026846,태백교,,,,,,,
250026847,운전면허시험장,,,,,,,
250026848,감정리,,,,,,,
250026849,지내리,,,,,,,
250026850,큰물건너입구,,,,,,,
250026851,서천리주명교,,,,,,,
250026852,인성학교입구,,,,,,,
250026853,인성학교입구,,,,,,,
250026854,군자3리,,,,,,,
250026855,방곡2리,,,,,,,
250026856,월곡리입구,,,,,,,
250026857,조양삼거리,,,,,,,
250026858,오월교,,,,,,,
250026859,산수1리마을회관,,,,,,,
250026860,강촌입구,,,,,,,
250026861,혈동1리,,,,,,,
250026862,오빛뜰체험관,,,,,,,
250026863,오빛뜰체험관,,,,,,,
250026866,옥광산,,,,,,,
250026867,지내1리,,,,,,,
250026868,지내1리,,,,,,,
250026869,지내2리샘골,,,,,,,
250026870,지내2리성문산,,,,,,,
250027104,지내2리응달말,,,,,,,
250026872,지내리,,,,,,,
265000752,발산1리,,,,,,,
250026874,발산2리,,,,,,,
250026875,발산2리,,,,,,,
250026876,발산2리,,,,,,,
265000863,국립춘천병원본관,,,,,,,
250026878,아침못종점,,,,,,,
250026879,오동초등학교,,,,,,,
250026880,윗샘밭종점,,,,,,,
250027093,방송통신대앞,,,,,,,
250027091,타워푸르지오A,,,,,,,
250027092,남부노인복지관,,,,,,,
265000851,월송리가압펌프,,,,,,,
265000852,월송리가압펌프,,,,,,,
250027087,남춘천여중,,,,,,,
250027088,남춘천여중,,,,,,,
250026888,뉴시티코아루A,,,,,,,
250026889,뉴시티코아루A,,,,,,,
250026890,신동초교,,,,,,,
250026891,신동초교,,,,,,,
250026892,천년나무A,,,,,,,
250026893,천년나무A,,,,,,,
250026894,우두사거리,,,,,,,
250026895,국군춘천병원종점,,,,,,,
250026896,국군춘천병원종점,,,,,,,
250026897,꿈자람물정원,,,,,,,
250026898,꿈자람물정원,,,,,,,
250026899,두미르2차A,,,,,,,
250026900,두미르2차A,,,,,,,
250026901,건강보험공단,,,,,,,
250026902,춘천시청,,,,,,,
250026903,강원대중앙도서관,,,,,,,
250026904,강원대중앙도서관,,,,,,,
250026905,강원대백록관,,,,,,,
250026906,강원대백록관,,,,,,,
250026907,강원대정문,,,,,,,
250026908,강원대정문,,,,,,,
250026909,로컬푸드직매장,,,,,,,
250026910,로컬푸드직매장,,,,,,,
250026911,하일입구,,,,,,,
250026912,하일입구,,,,,,,
250026913,소양교차로,,,,,,,
250026914,소양교차로,,,,,,,
250026915,장학17리입구,,,,,,,
250026916,장학17리입구,,,,,,,
250026917,강원고앞,,,,,,,
250026918,아이파크A,,,,,,,
250026919,아이파크A,,,,,,,
250026920,춘천여고앞,,,,,,,
250026921,춘천여고앞,,,,,,,
250026922,만천2리마을회관,,,,,,,
250026923,만천2리마을회관,,,,,,,
250026924,만천로143번길,,,,,,,
250026925,만천로143번길,,,,,,,
250026926,만천리골든빌리지,,,,,,,
250026927,만천리골든빌리지,,,,,,,
250026928,거두1리사거리,,,,,,,
250026929,거두1리사거리,,,,,,,
250026930,산천2리,,,,,,,
250026931,산천2리,,,,,,,
250026932,오동초등학교앞,,,,,,,
250026933,가래울길입구,,,,,,,
250026934,가래울길입구,,,,,,,
250026935,솔밭입구,,,,,,,
250026936,솔밭입구,,,,,,,
250026937,군자1리,,,,,,,
250026938,군자1리,,,,,,,
250026939,군자1리군들목장,,,,,,,
250026940,군자1리군들목장,,,,,,,
250026941,군자2리,,,,,,,
250026942,군자2리,,,,,,,
250026943,동춘천산업단지,,,,,,,
250026944,동춘천산업단지,,,,,,,
265000865,배나무골입구,,,,,,,
265000866,배나무골입구,,,,,,,
250026949,금대울,,,,,,,
250026950,거두리사거리,,,,,,,
250026951,거두리사거리,,,,,,,
250026952,고은길,,,,,,,
250026953,너부래길입구,,,,,,,
250026954,고은1리4반,,,,,,,
250026955,후동2리마을회관,,,,,,,
250026956,후동2리마을회관,,,,,,,
250026957,버들1길,,,,,,,
250026958,버들1길,,,,,,,
250026959,수동2리흰도라지,,,,,,,
250026960,수동2리흰도라지,,,,,,,
250026961,한덕리마을회관,,,,,,,
250026962,한덕리마을회관,,,,,,,
250026963,산수리감투봉,,,,,,,
250026964,산수리감투봉,,,,,,,
250026965,강촌노래비,,,,,,,
265000853,경강교차로,,,,,,,
265000854,경강교차로,,,,,,,
250026968,강원체육회관,,,,,,,
250026969,이상원미술관,,,,,,,
250026970,이상원미술관,,,,,,,
265000714,방고개길입구,,,,,,,
250026972,방고개길입구,,,,,,,
250026973,강변코아루A,,,,,,,
250026974,강변코아루A,,,,,,,
250026975,두산위브A,,,,,,,
250026976,두산위브A,,,,,,,
250026977,감정교아랫길,,,,,,,
250026978,감정교아랫길,,,,,,,
265000842,막국수체험관,,,,,,,
250026980,윗박암길,,,,,,,
250026981,탑골삼거리,,,,,,,
250026982,백양2리3반,,,,,,,
250026983,백양2리3반,,,,,,,
250026984,백양2리종점,,,,,,,
250026985,백양2리종점,,,,,,,
250026987,고성1리마을회관,,,,,,,
265000855,두미르레스텔,,,,,,,
265000856,두미르레스텔,,,,,,,
250026989,떡갈매기,,,,,,,
250026990,오항1리3반,,,,,,,
250026991,오항1리3반,,,,,,,
250026992,해강A,,,,,,,
250026993,소망마을,,,,,,,
250026994,정족1길,,,,,,,
250026995,정족1길,,,,,,,
250026996,정족리지품,,,,,,,
250026997,정족리지품,,,,,,,
250026998,전인고등학교,,,,,,,
250026999,소주고개로,,,,,,,
250027000,소주고개로,,,,,,,
250027001,장본교앞사거리,,,,,,,
250027002,장본교앞사거리,,,,,,,
250027086,한숲시티A,,,,,,,
250027085,한숲시티A,,,,,,,
250027005,신북사거리,,,,,,,
250027006,우두택지,,,,,,,
250027007,우두택지,,,,,,,
250027099,샘밭장터,,,,,,,
250027100,샘밭장터,,,,,,,
265000857,전말교,,,,,,,
265000858,전말교,,,,,,,
250027012,애니박물관입구,,,,,,,
250027013,금산리수정천,,,,,,,
250027014,금산리수정천,,,,,,,
250027016,한솔마을,,,,,,,
250027015,한솔마을,,,,,,,
250026626,국유림관리소앞,,,,,,,
250027018,봉명리,,,,,,,
250027019,봉명리,,,,,,,
250027020,원창교,,,,,,,
250027021,갈골,,,,,,,
250027022,거두리종점,,,,,,,
250027023,산수1리마을회관,,,,,,,
250027024,감정1리마을회관,,,,,,,
250027025,지내리,,,,,,,
250027026,유포2리종점,,,,,,,
250027027,유포리,,,,,,,
250027028,원정사입구,,,,,,,
250027029,침례교회앞,,,,,,,
250027030,방앗간앞,,,,,,,
250027031,유포2리종점,,,,,,,
265000859,용산저수지,,,,,,,
265000860,용산저수지,,,,,,,
250027035,새말교,,,,,,,
250027036,서상2리,,,,,,,
250027037,서상2리,,,,,,,
250027038,서상마을회관,,,,,,,
250027039,서상2리,,,,,,,
250027040,신매1리,,,,,,,
250027041,월송1리,,,,,,,
250027042,월송1리,,,,,,,
250027043,월송1리,,,,,,,
250027044,월송1리,,,,,,,
250027045,오월리납실교,,,,,,,
250027046,오월2리,,,,,,,
250027047,강원숲체험장입구,,,,,,,
250027048,오월2리,,,,,,,
250027049,오월2리,,,,,,,
250027050,오월2리,,,,,,,
265000861,레고랜드차고지,,,,,,,
265000862,레고랜드차고지,,,,,,,
250027055,오동초등학교앞,,,,,,,
250027056,삼포유원지입구,,,,,,,
250027057,월송1리,,,,,,,
250027058,월송1리,,,,,,,
250027059,삼포,,,,,,,
250027060,증4리,,,,,,,
250027061,새고개,,,,,,,
250027062,후동2리입구,,,,,,,
250027063,후동2리입구,,,,,,,
250027064,가정중학교,,,,,,,
250027065,한덕리,,,,,,,
250027066,산수리,,,,,,,
250027067,산수1리,,,,,,,
250027068,산수2리,,,,,,,
250027069,광판초교,,,,,,,
250027072,합동교,,,,,,,
250027073,감정2리마을회관,,,,,,,
250027075,감정2리,,,,,,,
250027076,가정중학교,,,,,,,
250027078,솔밭종점,,,,,,,
250027080,사암2리,,,,,,,
250027081,사암리,,,,,,,
250027082,사암2리,,,,,,,
250027083,사암2리마을회관,,,,,,,
250027084,학곡리,,,,,,,
250027094,춘천자원,,,,,,,
250027095,춘천자원,,,,,,,
250027101,성문1길,,,,,,,
250027102,성문1길,,,,,,,
250027109,팔미리용수교,,,,,,,
250027110,팔미리용수교,,,,,,,
250027111,퇴계공단길,,,,,,,
250027112,퇴계농공로,,,,,,,
250027113,증4리마을회관,,,,,,,
250027114,증4리마을회관,,,,,,,
250027115,혈동1리,,,,,,,
250027116,산수1리,,,,,,,
250027117,합동교,,,,,,,
250027118,서상1리1반,,,,,,,
250027120,추곡3거리,,,,,,,
250027121,안보2리1반,,,,,,,
250027122,안보2리1반,,,,,,,
250027123,안보2리3반,,,,,,,
250027124,안보2리3반,,,,,,,
250027125,무림정사입구,,,,,,,
250027126,무림정사입구,,,,,,,
250027129,인형극장앞,,,,,,,
250027130,사랑말삼거리,,,,,,,
250027131,율문4리경로당,,,,,,,
250027134,군자리,,,,,,,
250027135,장본교앞사거리,,,,,,,
250027136,장본교앞사거리,,,,,,,
265000867,안마산로입구,,,,,,,
250027140,산촌생태마을,,,,,,,
250027141,용산3리3반,,,,,,,
250027142,용산3리3반,,,,,,,
265000758,역골교삼거리,,,,,,,
250027144,역골교삼거리,,,,,,,
250027146,팔미1리1반,,,,,,,
250027147,팔미1리1반,,,,,,,
250027148,서상2리1반,,,,,,,
250027149,서상2리1반,,,,,,,
265000667,창촌3리삼거리,,,,,,,
265000669,발산2리4반,,,,,,,
265000670,파크자이A,,,,,,,
265000671,파크자이A,,,,,,,
265000668,발산2리4반,,,,,,,
265000672,우미린A,,,,,,,
265000673,금호빌리지,,,,,,,
265000674,산천2리마을회관,,,,,,,
265000675,산천2리마을회관,,,,,,,
263001765,간척사거리,,,,,,,
263001766,간척사거리,,,,,,,
257000114,굴지리종점,,,,,,,
257000136,두미리,,,,,,,
257000137,두미리,,,,,,,
257000140,개야리,,,,,,,
257000141,개야리,,,,,,,
257000153,한서상회,,,,,,,
257000154,한서상회,,,,,,,
257000015,어유포삼거리,,,,,,,
257001113,용장사입구,,,,,,,
257001114,용장사입구,,,,,,,
257001115,석화촌,,,,,,,
257001116,석화촌,,,,,,,
257800112,팔봉산유원지,,,,,,,
257001297,팔봉산관광지,,,,,,,
257001453,밤벌유원지,,,,,,,
257001454,밤벌유원지,,,,,,,
257001455,밤나무골,,,,,,,
257001456,밤나무골,,,,,,,
257001475,반곡초교,,,,,,,
257001476,반곡초교,,,,,,,
257001477,반곡교,,,,,,,
257001478,반곡교,,,,,,,
257001479,반곡,,,,,,,
257001480,반곡,,,,,,,
257001531,두미리종점,,,,,,,
257001645,굴지리종점,,,,,,,
257002019,어유포리,,,,,,,
257800111,말골입구,,,,,,,
257800110,말골입구,,,,,,,
257800095,충의대교,,,,,,,
257800096,충의대교,,,,,,,
257800097,모곡3리,,,,,,,
257800098,모곡3리,,,,,,,
257800099,두미리종점,,,,,,,
257800104,모곡,,,,,,,
257800105,모곡,,,,,,,
257800106,용골상회,,,,,,,
257800107,용골상회,,,,,,,
257800108,반곡망단이,,,,,,,
257800109,반곡망단이,,,,,,,
257800113,역전평,,,,,,,
257800114,역전평,,,,,,,
257800116,산수1리2반,,,,,,,
